実稚久,*,*,*,名詞,固有名詞,人名,名,*,*,*,ミトヒサ,ミトヒサ
櫻湯,*,*,*,名詞,固有名詞,人名,姓,*,*,*,サクトウ,サクトウ
行德,*,*,*,名詞,固有名詞,人名,姓,*,*,*,ユキノリ,ユキノリ
萩荘,*,*,*,名詞,固有名詞,人名,姓,*,*,*,ハギショウ,ハギショウ
捷暉,*,*,*,名詞,固有名詞,人名,名,*,*,*,ショッキ,ショッキ
彰麟,*,*,*,名詞,固有名詞,人名,名,*,*,*,ショウリン,ショウリン
正珉,*,*,*,名詞,固有名詞,人名,名,*,*,*,マサミン,マサミン
夏奈也,*,*,*,名詞,固有名詞,人名,名,*,*,*,カナヤ,カナヤ
広稔,*,*,*,名詞,固有名詞,人名,名,*,*,*,ヒロトシ,ヒロトシ
好仙,*,*,*,名詞,固有名詞,人名,名,*,*,*,コウセン,コウセン
陵輝,*,*,*,名詞,固有名詞,人名,名,*,*,*,リョウキ,リョウキ
崚雅,*,*,*,名詞,固有名詞,人名,名,*,*,*,レンガ,レンガ
伊泓,*,*,*,名詞,固有名詞,人名,名,*,*,*,イホン,イホン
尊愛,*,*,*,名詞,固有名詞,人名,名,*,*,*,ソンアイ,ソンアイ
久未果,*,*,*,名詞,固有名詞,人名,名,*,*,*,クミカ,クミカ
隆奈男,*,*,*,名詞,固有名詞,人名,名,*,*,*,リューナオ,リューナオ
丞一郎,*,*,*,名詞,固有名詞,人名,名,*,*,*,ジョウイチロウ,ジョウイチロウ
棋敦,*,*,*,名詞,固有名詞,人名,名,*,*,*,キアツム,キアツム
隼奨,*,*,*,名詞,固有名詞,人名,名,*,*,*,ジュンショウ,ジュンショウ
理朗,*,*,*,名詞,固有名詞,人名,名,*,*,*,リロウ,リロウ
浩是,*,*,*,名詞,固有名詞,人名,名,*,*,*,ヒロゼ,ヒロゼ
鷹仁,*,*,*,名詞,固有名詞,人名,名,*,*,*,タカジン,タカジン
隆亜樹,*,*,*,名詞,固有名詞,人名,名,*,*,*,リューアキ,リューアキ
鳳洙,*,*,*,名詞,固有名詞,人名,名,*,*,*,ホウスイ,ホウスイ
如眞,*,*,*,名詞,固有名詞,人名,名,*,*,*,ジョシン,ジョシン
長充,*,*,*,名詞,固有名詞,人名,名,*,*,*,チョウジュウ,チョウジュウ
侑摩,*,*,*,名詞,固有名詞,人名,名,*,*,*,ユウマ,ユウマ
細織,*,*,*,名詞,固有名詞,人名,名,*,*,*,サイオリ,サイオリ
由樹夫,*,*,*,名詞,固有名詞,人名,名,*,*,*,ユキオ,ユキオ
隼希,*,*,*,名詞,固有名詞,人名,名,*,*,*,ジュンキ,ジュンキ
爾那,*,*,*,名詞,固有名詞,人名,名,*,*,*,ジナ,ジナ
悟充,*,*,*,名詞,固有名詞,人名,名,*,*,*,ゴジュウ,ゴジュウ
祐季奈,*,*,*,名詞,固有名詞,人名,名,*,*,*,ユキナ,ユキナ
日々子,*,*,*,名詞,固有名詞,人名,名,*,*,*,ヒビコ,ヒビコ
瑞龍,*,*,*,名詞,固有名詞,人名,名,*,*,*,ズイリュウ,ズイリュウ
日々毅,*,*,*,名詞,固有名詞,人名,名,*,*,*,ヒビキ,ヒビキ
飛越,*,*,*,名詞,固有名詞,人名,名,*,*,*,ヒエツ,ヒエツ
晟斌,*,*,*,名詞,固有名詞,人名,名,*,*,*,セイヒン,セイヒン
麻唯香,*,*,*,名詞,固有名詞,人名,名,*,*,*,マイカ,マイカ
径大,*,*,*,名詞,固有名詞,人名,名,*,*,*,ケイダイ,ケイダイ
紋輝通,*,*,*,名詞,固有名詞,人名,名,*,*,*,モンキツウ,モンキツウ
信暎,*,*,*,名詞,固有名詞,人名,名,*,*,*,ノブテル,ノブテル
亮朗,*,*,*,名詞,固有名詞,人名,名,*,*,*,リョウロウ,リョウロウ
崇慶,*,*,*,名詞,固有名詞,人名,名,*,*,*,タカヨシ,タカヨシ
謹民,*,*,*,名詞,固有名詞,人名,名,*,*,*,キンミン,キンミン
岳歩,*,*,*,名詞,固有名詞,人名,名,*,*,*,ガクホ,ガクホ
賢志朗,*,*,*,名詞,固有名詞,人名,名,*,*,*,ケンシロウ,ケンシロウ
恭愼,*,*,*,名詞,固有名詞,人名,名,*,*,*,キョウシン,キョウシン
高律,*,*,*,名詞,固有名詞,人名,名,*,*,*,タカノリ,タカノリ
亮亮,*,*,*,名詞,固有名詞,人名,名,*,*,*,リョウリョウ,リョウリョウ
一應,*,*,*,名詞,固有名詞,人名,名,*,*,*,イチオウ,イチオウ
利悟,*,*,*,名詞,固有名詞,人名,名,*,*,*,リゴ,リゴ
幸史良,*,*,*,名詞,固有名詞,人名,名,*,*,*,コウシラ,コウシラ
勘士,*,*,*,名詞,固有名詞,人名,名,*,*,*,カンジ,カンジ
由后子,*,*,*,名詞,固有名詞,人名,名,*,*,*,ユウコ,ユウコ
登貴弥,*,*,*,名詞,固有名詞,人名,名,*,*,*,トミヤ,トミヤ
鷹宗,*,*,*,名詞,固有名詞,人名,名,*,*,*,タカムネ,タカムネ
一求,*,*,*,名詞,固有名詞,人名,名,*,*,*,イチグ,イチグ
成志朗,*,*,*,名詞,固有名詞,人名,名,*,*,*,ナリシロウ,ナリシロウ