栄籐,*,*,*,名詞,固有名詞,人名,姓,*,*,*,エトウ,エトウ
栄籐,*,*,*,名詞,固有名詞,人名,姓,*,*,*,エイトウ,エイトウ
瀬工,*,*,*,名詞,固有名詞,人名,姓,*,*,*,セコウ,セコウ
本𫞎,*,*,*,名詞,固有名詞,人名,姓,*,*,*,モトハシ,モトハシ
挙彦,*,*,*,名詞,固有名詞,人名,名,*,*,*,アゲヒコ,アゲヒコ
士淳,*,*,*,名詞,固有名詞,人名,名,*,*,*,シジュン,シジュン
車行,*,*,*,名詞,固有名詞,人名,名,*,*,*,シャコウ,シャコウ
侑摩,*,*,*,名詞,固有名詞,人名,名,*,*,*,ユウマ,ユウマ
丞一郎,*,*,*,名詞,固有名詞,人名,名,*,*,*,ジョウイチロウ,ジョウイチロウ
隼希,*,*,*,名詞,固有名詞,人名,名,*,*,*,トシキ,トシキ
隼希,*,*,*,名詞,固有名詞,人名,名,*,*,*,ハヤキ,ハヤキ
隼希,*,*,*,名詞,固有名詞,人名,名,*,*,*,シュンキ,シュンキ
隼希,*,*,*,名詞,固有名詞,人名,名,*,*,*,ジュンキ,ジュンキ
鳳洙,*,*,*,名詞,固有名詞,人名,名,*,*,*,ボンス,ボンス
寿始,*,*,*,名詞,固有名詞,人名,名,*,*,*,ヒサシ,ヒサシ
寿始,*,*,*,名詞,固有名詞,人名,名,*,*,*,ジュシ,ジュシ
壱静,*,*,*,名詞,固有名詞,人名,名,*,*,*,イッセイ,イッセイ
譲士,*,*,*,名詞,固有名詞,人名,名,*,*,*,ジョウジ,ジョウジ
純紀,*,*,*,名詞,固有名詞,人名,名,*,*,*,ジュンキ,ジュンキ
歳丈,*,*,*,名詞,固有名詞,人名,名,*,*,*,トシタケ,トシタケ
健之郎,*,*,*,名詞,固有名詞,人名,名,*,*,*,ケンシロウ,ケンシロウ
務晃,*,*,*,名詞,固有名詞,人名,名,*,*,*,ミチアキ,ミチアキ
務晃,*,*,*,名詞,固有名詞,人名,名,*,*,*,カネアキ,カネアキ
充身,*,*,*,名詞,固有名詞,人名,名,*,*,*,ミツミ,ミツミ
令弥,*,*,*,名詞,固有名詞,人名,名,*,*,*,レイヤ,レイヤ
淳稀,*,*,*,名詞,固有名詞,人名,名,*,*,*,ジュンキ,ジュンキ
小賓,*,*,*,名詞,固有名詞,人名,名,*,*,*,ショウヒン,ショウヒン
雨青,*,*,*,名詞,固有名詞,人名,名,*,*,*,ウセイ,ウセイ
雄皃,*,*,*,名詞,固有名詞,人名,名,*,*,*,ユウト,ユウト
雄皃,*,*,*,名詞,固有名詞,人名,名,*,*,*,ユウジ,ユウジ
潤信,*,*,*,名詞,固有名詞,人名,名,*,*,*,ジュンシン,ジュンシン
潤信,*,*,*,名詞,固有名詞,人名,名,*,*,*,ヒロノブ,ヒロノブ
潤信,*,*,*,名詞,固有名詞,人名,名,*,*,*,ミツノブ,ミツノブ
寞,*,*,*,名詞,固有名詞,人名,名,*,*,*,バク,バク
望伸,*,*,*,名詞,固有名詞,人名,名,*,*,*,モチノブ,モチノブ
翔暉,*,*,*,名詞,固有名詞,人名,名,*,*,*,ショウキ,ショウキ
華龍,*,*,*,名詞,固有名詞,人名,名,*,*,*,カリュウ,カリュウ
壮達,*,*,*,名詞,固有名詞,人名,名,*,*,*,ソウタツ,ソウタツ
貞甚,*,*,*,名詞,固有名詞,人名,名,*,*,*,サダヤス,サダヤス
貞甚,*,*,*,名詞,固有名詞,人名,名,*,*,*,サダシゲ,サダシゲ
氶之助,*,*,*,名詞,固有名詞,人名,名,*,*,*,ジョウノスケ,ジョウノスケ
磨史宇,*,*,*,名詞,固有名詞,人名,名,*,*,*,マシュウ,マシュウ
黒,*,*,*,名詞,固有名詞,人名,名,*,*,*,クロ,クロ
明拓,*,*,*,名詞,固有名詞,人名,名,*,*,*,アキヒロ,アキヒロ
翔評,*,*,*,名詞,固有名詞,人名,名,*,*,*,ショウヘイ,ショウヘイ
研童,*,*,*,名詞,固有名詞,人名,名,*,*,*,ケンドウ,ケンドウ
琢太郎,*,*,*,名詞,固有名詞,人名,名,*,*,*,タクタロウ,タクタロウ
弦己,*,*,*,名詞,固有名詞,人名,名,*,*,*,ゲンキ,ゲンキ
滋太,*,*,*,名詞,固有名詞,人名,名,*,*,*,シゲタ,シゲタ
堅士郎,*,*,*,名詞,固有名詞,人名,名,*,*,*,ケンシロウ,ケンシロウ
滉虹,*,*,*,名詞,固有名詞,人名,名,*,*,*,コウジ,コウジ
祥耶,*,*,*,名詞,固有名詞,人名,名,*,*,*,サチヤ,サチヤ
祥耶,*,*,*,名詞,固有名詞,人名,名,*,*,*,ショウヤ,ショウヤ
祥耶,*,*,*,名詞,固有名詞,人名,名,*,*,*,ヨシヤ,ヨシヤ
祥耶,*,*,*,名詞,固有名詞,人名,名,*,*,*,ヒロヤ,ヒロヤ
伯晃,*,*,*,名詞,固有名詞,人名,名,*,*,*,タカアキ,タカアキ
伯晃,*,*,*,名詞,固有名詞,人名,名,*,*,*,トモアキ,トモアキ
伯晃,*,*,*,名詞,固有名詞,人名,名,*,*,*,ヒロアキ,ヒロアキ
伯晃,*,*,*,名詞,固有名詞,人名,名,*,*,*,ノリアキ,ノリアキ
正土,*,*,*,名詞,固有名詞,人名,名,*,*,*,マサト,マサト
雪助,*,*,*,名詞,固有名詞,人名,名,*,*,*,ユキスケ,ユキスケ
桜より,*,*,*,名詞,固有名詞,人名,名,*,*,*,サヨリ,サヨリ
香尚子,*,*,*,名詞,固有名詞,人名,名,*,*,*,カナコ,カナコ
八千鼓,*,*,*,名詞,固有名詞,人名,名,*,*,*,ヤチコ,ヤチコ
壮功,*,*,*,名詞,固有名詞,人名,名,*,*,*,アキナリ,アキナリ
壮功,*,*,*,名詞,固有名詞,人名,名,*,*,*,アキヨシ,アキヨシ
壮功,*,*,*,名詞,固有名詞,人名,名,*,*,*,マサナリ,マサナリ
壮功,*,*,*,名詞,固有名詞,人名,名,*,*,*,マサヨシ,マサヨシ
比呂泰,*,*,*,名詞,固有名詞,人名,名,*,*,*,ヒロヤス,ヒロヤス
伊緒三,*,*,*,名詞,固有名詞,人名,名,*,*,*,イオミツ,イオミツ
徹唯,*,*,*,名詞,固有名詞,人名,名,*,*,*,トウイ,トウイ
魁晟,*,*,*,名詞,固有名詞,人名,名,*,*,*,カイセイ,カイセイ
了摩,*,*,*,名詞,固有名詞,人名,名,*,*,*,リョウマ,リョウマ
慶賢,*,*,*,名詞,固有名詞,人名,名,*,*,*,ヨシタカ,ヨシタカ
祐史朗,*,*,*,名詞,固有名詞,人名,名,*,*,*,ユウシロウ,ユウシロウ
政舟,*,*,*,名詞,固有名詞,人名,名,*,*,*,セイシュウ,セイシュウ
政舟,*,*,*,名詞,固有名詞,人名,名,*,*,*,マサフネ,マサフネ
耕野,*,*,*,名詞,固有名詞,人名,名,*,*,*,コウヤ,コウヤ
珉泰,*,*,*,名詞,固有名詞,人名,名,*,*,*,タミヤス,タミヤス
出憲,*,*,*,名詞,固有名詞,人名,名,*,*,*,イデノリ,イデノリ
和苟,*,*,*,名詞,固有名詞,人名,名,*,*,*,ワコウ、カズマ,ワコウ、カズマ
方俊,*,*,*,名詞,固有名詞,人名,名,*,*,*,マサトシ,マサトシ
長征,*,*,*,名詞,固有名詞,人名,名,*,*,*,チョウセイ,チョウセイ
長征,*,*,*,名詞,固有名詞,人名,名,*,*,*,ナガユキ,ナガユキ
佳萱,*,*,*,名詞,固有名詞,人名,名,*,*,*,カセン,カセン
福夲,*,*,*,名詞,固有名詞,人名,姓,*,*,*,フクモト,フクモト
峻児,*,*,*,名詞,固有名詞,人名,名,*,*,*,シュンジ,シュンジ
一無,*,*,*,名詞,固有名詞,人名,名,*,*,*,イツム,イツム
一無,*,*,*,名詞,固有名詞,人名,名,*,*,*,イチム,イチム
一無,*,*,*,名詞,固有名詞,人名,名,*,*,*,カズム,カズム
一無,*,*,*,名詞,固有名詞,人名,名,*,*,*,カズナ,カズナ
法良,*,*,*,名詞,固有名詞,人名,名,*,*,*,ノリヨシ,ノリヨシ
降仙,*,*,*,名詞,固有名詞,人名,名,*,*,*,コウセン,コウセン
降仙,*,*,*,名詞,固有名詞,人名,名,*,*,*,カンソン,カンソン
肇広,*,*,*,名詞,固有名詞,人名,名,*,*,*,トシヒロ,トシヒロ
繫成,*,*,*,名詞,固有名詞,人名,名,*,*,*,シゲナリ,シゲナリ
繫成,*,*,*,名詞,固有名詞,人名,名,*,*,*,ハンナ,ハンナ
丈朋,*,*,*,名詞,固有名詞,人名,名,*,*,*,タケトモ,タケトモ
金助田,*,*,*,名詞,固有名詞,人名,姓,*,*,*,カナスケダ,カナスケダ
金助田,*,*,*,名詞,固有名詞,人名,姓,*,*,*,カネスケダ,カネスケダ
金助田,*,*,*,名詞,固有名詞,人名,姓,*,*,*,カナスケタ,カナスケタ
金助田,*,*,*,名詞,固有名詞,人名,姓,*,*,*,カネスケタ,カネスケタ
悟哲,*,*,*,名詞,固有名詞,人名,名,*,*,*,コウテツ,コウテツ
直来,*,*,*,名詞,固有名詞,人名,名,*,*,*,ナオキ,ナオキ
聡守,*,*,*,名詞,固有名詞,人名,名,*,*,*,アキモリ,アキモリ
勝丈,*,*,*,名詞,固有名詞,人名,名,*,*,*,カツヒロ,カツヒロ
喜尋,*,*,*,名詞,固有名詞,人名,名,*,*,*,キヒロ,キヒロ
喜尋,*,*,*,名詞,固有名詞,人名,名,*,*,*,ヨシヒロ,ヨシヒロ
裕考,*,*,*,名詞,固有名詞,人名,名,*,*,*,ユウコウ,ユウコウ
裕考,*,*,*,名詞,固有名詞,人名,名,*,*,*,ヒロタカ,ヒロタカ
太啓,*,*,*,名詞,固有名詞,人名,名,*,*,*,タヒロ,タヒロ
太啓,*,*,*,名詞,固有名詞,人名,名,*,*,*,タイスケ,タイスケ
太啓,*,*,*,名詞,固有名詞,人名,名,*,*,*,タスケ,タスケ
友希紘,*,*,*,名詞,固有名詞,人名,名,*,*,*,ユキヒロ,ユキヒロ
由通,*,*,*,名詞,固有名詞,人名,名,*,*,*,ヨシミチ,ヨシミチ
由通,*,*,*,名詞,固有名詞,人名,名,*,*,*,ユズ,ユズ
挙徳,*,*,*,名詞,固有名詞,人名,名,*,*,*,ケントク,ケントク
挙徳,*,*,*,名詞,固有名詞,人名,名,*,*,*,シゲノリ,シゲノリ
挙徳,*,*,*,名詞,固有名詞,人名,名,*,*,*,タカノリ,タカノリ
挙徳,*,*,*,名詞,固有名詞,人名,名,*,*,*,タツノリ,タツノリ
挙徳,*,*,*,名詞,固有名詞,人名,名,*,*,*,トモノリ,トモノリ
挙徳,*,*,*,名詞,固有名詞,人名,名,*,*,*,ミナノリ,ミナノリ
平磁,*,*,*,名詞,固有名詞,人名,姓,*,*,*,ヒラシゲ,ヒラシゲ
鯨成,*,*,*,名詞,固有名詞,人名,姓,*,*,*,イサナ,イサナ
求行,*,*,*,名詞,固有名詞,人名,名,*,*,*,ヒデユキ,ヒデユキ
求行,*,*,*,名詞,固有名詞,人名,名,*,*,*,マサユキ,マサユキ
有冶,*,*,*,名詞,固有名詞,人名,名,*,*,*,ユウジ,ユウジ
孝史朗,*,*,*,名詞,固有名詞,人名,名,*,*,*,コウシロウ,コウシロウ
敦識,*,*,*,名詞,固有名詞,人名,名,*,*,*,アツノリ,アツノリ
敦識,*,*,*,名詞,固有名詞,人名,名,*,*,*,アツシ,アツシ
凱凱,*,*,*,名詞,固有名詞,人名,名,*,*,*,ガイガイ,ガイガイ
式博,*,*,*,名詞,固有名詞,人名,名,*,*,*,ノリヒロ,ノリヒロ
登茂也,*,*,*,名詞,固有名詞,人名,名,*,*,*,トモヤ,トモヤ
