尾城,*,*,*,名詞,固有名詞,人名,姓,*,*,*,オジロ,オジロ
尾城,*,*,*,名詞,固有名詞,人名,姓,*,*,*,オシロ,オシロ
尾城,*,*,*,名詞,固有名詞,人名,姓,*,*,*,オギ,オギ
尾城,*,*,*,名詞,固有名詞,人名,姓,*,*,*,オノシロ,オノシロ
尾城,*,*,*,名詞,固有名詞,人名,姓,*,*,*,オジョウ,オジョウ
切替,*,*,*,名詞,固有名詞,人名,姓,*,*,*,キリカエ,キリカエ
山代,*,*,*,名詞,固有名詞,人名,姓,*,*,*,ヤマシロ,ヤマシロ
山代,*,*,*,名詞,固有名詞,人名,姓,*,*,*,ヤマダイ,ヤマダイ
川相,*,*,*,名詞,固有名詞,人名,姓,*,*,*,カワイ,カワイ
川相,*,*,*,名詞,固有名詞,人名,姓,*,*,*,カワアイ,カワアイ
川相,*,*,*,名詞,固有名詞,人名,姓,*,*,*,カワソウ,カワソウ
川相,*,*,*,名詞,固有名詞,人名,姓,*,*,*,カアイ,カアイ
葉栗,*,*,*,名詞,固有名詞,人名,姓,*,*,*,ハグリ,ハグリ
葉栗,*,*,*,名詞,固有名詞,人名,姓,*,*,*,ハクリ,ハクリ
衛,*,*,*,名詞,固有名詞,人名,姓,*,*,*,マモル,マモル
衛,*,*,*,名詞,固有名詞,人名,姓,*,*,*,エイ,エイ
衛,*,*,*,名詞,固有名詞,人名,姓,*,*,*,マモリ,マモリ
喜久和,*,*,*,名詞,固有名詞,人名,姓,*,*,*,キクチ,キクチ
泰山,*,*,*,名詞,固有名詞,人名,姓,*,*,*,ヤスヤマ,ヤスヤマ
泰山,*,*,*,名詞,固有名詞,人名,姓,*,*,*,タイヤマ,タイヤマ
泰山,*,*,*,名詞,固有名詞,人名,姓,*,*,*,タイザン,タイザン
広島,*,*,*,名詞,固有名詞,人名,姓,*,*,*,ヒロシマ,ヒロシマ
𠮷田 ,*,*,*,名詞,固有名詞,人名,姓,*,*,*,ヨシダ,ヨシダ
𠮷田 ,*,*,*,名詞,固有名詞,人名,姓,*,*,*,ヨシタ,ヨシタ
保崎,*,*,*,名詞,固有名詞,人名,姓,*,*,*,ホサキ,ホサキ
保崎,*,*,*,名詞,固有名詞,人名,姓,*,*,*,ホザキ,ホザキ
保崎,*,*,*,名詞,固有名詞,人名,姓,*,*,*,ヤスザキ,ヤスザキ
加減,*,*,*,名詞,固有名詞,人名,姓,*,*,*,カゲン,カゲン
渕,*,*,*,名詞,固有名詞,人名,姓,*,*,*,フチ,フチ
渕,*,*,*,名詞,固有名詞,人名,姓,*,*,*,ブチ,ブチ
庄子,*,*,*,名詞,固有名詞,人名,姓,*,*,*,ショウジ,ショウジ
庄子,*,*,*,名詞,固有名詞,人名,姓,*,*,*,ショウシ,ショウシ
庄子,*,*,*,名詞,固有名詞,人名,姓,*,*,*,ショジ,ショジ
庄子,*,*,*,名詞,固有名詞,人名,姓,*,*,*,シュウジ,シュウジ
庄子,*,*,*,名詞,固有名詞,人名,姓,*,*,*,マサコ,マサコ
庄子,*,*,*,名詞,固有名詞,人名,姓,*,*,*,シウジ,シウジ
庄子,*,*,*,名詞,固有名詞,人名,姓,*,*,*,ショウゴ,ショウゴ
庄子,*,*,*,名詞,固有名詞,人名,姓,*,*,*,ショウコ,ショウコ
仙波,*,*,*,名詞,固有名詞,人名,姓,*,*,*,センバ,センバ
仙波,*,*,*,名詞,固有名詞,人名,姓,*,*,*,ゼンバ,ゼンバ
仙波,*,*,*,名詞,固有名詞,人名,姓,*,*,*,センナミ,センナミ
徳森,*,*,*,名詞,固有名詞,人名,姓,*,*,*,トクモリ,トクモリ
日光,*,*,*,名詞,固有名詞,人名,姓,*,*,*,ニッコウ,ニッコウ
飯原,*,*,*,名詞,固有名詞,人名,姓,*,*,*,イイハラ,イイハラ
飯原,*,*,*,名詞,固有名詞,人名,姓,*,*,*,メシハラ,メシハラ
飯原,*,*,*,名詞,固有名詞,人名,姓,*,*,*,イハラ,イハラ
飯原,*,*,*,名詞,固有名詞,人名,姓,*,*,*,イイバラ,イイバラ
今山,*,*,*,名詞,固有名詞,人名,姓,*,*,*,イマヤマ,イマヤマ
今山,*,*,*,名詞,固有名詞,人名,姓,*,*,*,コンヤマ,コンヤマ
今城,*,*,*,名詞,固有名詞,人名,姓,*,*,*,イマシロ,イマシロ
今城,*,*,*,名詞,固有名詞,人名,姓,*,*,*,イマジョウ,イマジョウ
今城,*,*,*,名詞,固有名詞,人名,姓,*,*,*,イマキ,イマキ
今城,*,*,*,名詞,固有名詞,人名,姓,*,*,*,イマギ,イマギ
今城,*,*,*,名詞,固有名詞,人名,姓,*,*,*,イマナリ,イマナリ
今城,*,*,*,名詞,固有名詞,人名,姓,*,*,*,コンジョウ,コンジョウ
今城,*,*,*,名詞,固有名詞,人名,姓,*,*,*,コンセイ,コンセイ
杉戸,*,*,*,名詞,固有名詞,人名,姓,*,*,*,スギト,スギト
杉戸,*,*,*,名詞,固有名詞,人名,姓,*,*,*,スギド,スギド
美濃島,*,*,*,名詞,固有名詞,人名,姓,*,*,*,ミノシマ,ミノシマ
平戸,*,*,*,名詞,固有名詞,人名,姓,*,*,*,ヒラト,ヒラト
平戸,*,*,*,名詞,固有名詞,人名,姓,*,*,*,ヒラド,ヒラド
衣袋,*,*,*,名詞,固有名詞,人名,姓,*,*,*,イブクロ,イブクロ
衣袋,*,*,*,名詞,固有名詞,人名,姓,*,*,*,イフクロ,イフクロ
衣袋,*,*,*,名詞,固有名詞,人名,姓,*,*,*,イタイ,イタイ
陽悦,*,*,*,名詞,固有名詞,人名,名,*,*,*,ヨウエツ,ヨウエツ
一亮,*,*,*,名詞,固有名詞,人名,名,*,*,*,カズアキ,カズアキ
一亮,*,*,*,名詞,固有名詞,人名,名,*,*,*,イチスケ,イチスケ
一亮,*,*,*,名詞,固有名詞,人名,名,*,*,*,カズヒロ,カズヒロ
成幹,*,*,*,名詞,固有名詞,人名,名,*,*,*,ナルミ,ナルミ
由充,*,*,*,名詞,固有名詞,人名,名,*,*,*,ヨシミツ,ヨシミツ
謙爾,*,*,*,名詞,固有名詞,人名,名,*,*,*,ケンジ,ケンジ
一章,*,*,*,名詞,固有名詞,人名,名,*,*,*,カズアキ,カズアキ
一章,*,*,*,名詞,固有名詞,人名,名,*,*,*,カズフミ,カズフミ
一章,*,*,*,名詞,固有名詞,人名,名,*,*,*,カツアキ,カツアキ
一章,*,*,*,名詞,固有名詞,人名,名,*,*,*,イッショウ,イッショウ
和昇,*,*,*,名詞,固有名詞,人名,名,*,*,*,カズノリ,カズノリ
和昇,*,*,*,名詞,固有名詞,人名,名,*,*,*,ワショウ,ワショウ
盛一郎,*,*,*,名詞,固有名詞,人名,名,*,*,*,セイイチロウ,セイイチロウ
盛一郎,*,*,*,名詞,固有名詞,人名,名,*,*,*,ジョウイチロウ,ジョウイチロウ
貴吉,*,*,*,名詞,固有名詞,人名,名,*,*,*,タカヨシ,タカヨシ
雄城,*,*,*,名詞,固有名詞,人名,名,*,*,*,ユウキ,ユウキ
慶卓,*,*,*,名詞,固有名詞,人名,名,*,*,*,ケイタク,ケイタク
慶卓,*,*,*,名詞,固有名詞,人名,名,*,*,*,ミチタカ,ミチタカ
慶卓,*,*,*,名詞,固有名詞,人名,名,*,*,*,アキタカ,アキタカ
慶卓,*,*,*,名詞,固有名詞,人名,名,*,*,*,ヨシタカ,ヨシタカ
治明,*,*,*,名詞,固有名詞,人名,名,*,*,*,チアキ,チアキ
治明,*,*,*,名詞,固有名詞,人名,名,*,*,*,ハルアキ,ハルアキ
城治,*,*,*,名詞,固有名詞,人名,名,*,*,*,ジョウジ,ジョウジ
城治,*,*,*,名詞,固有名詞,人名,名,*,*,*,セイジ,セイジ
契,*,*,*,名詞,固有名詞,人名,名,*,*,*,ケイ,ケイ
契,*,*,*,名詞,固有名詞,人名,名,*,*,*,チギリ,チギリ
高次,*,*,*,名詞,固有名詞,人名,名,*,*,*,タカツギ,タカツギ
高次,*,*,*,名詞,固有名詞,人名,名,*,*,*,タカツグ,タカツグ
高次,*,*,*,名詞,固有名詞,人名,名,*,*,*,タカジ,タカジ
高次,*,*,*,名詞,固有名詞,人名,名,*,*,*,コウジ,コウジ
一気,*,*,*,名詞,固有名詞,人名,名,*,*,*,イッキ,イッキ
一気,*,*,*,名詞,固有名詞,人名,名,*,*,*,イツキ,イツキ
一気,*,*,*,名詞,固有名詞,人名,名,*,*,*,カズキ,カズキ
英剛,*,*,*,名詞,固有名詞,人名,名,*,*,*,ヒデタカ,ヒデタカ
英剛,*,*,*,名詞,固有名詞,人名,名,*,*,*,ヒデタカ,ヒデタカ
英剛,*,*,*,名詞,固有名詞,人名,名,*,*,*,エイゴウ,エイゴウ
秀東,*,*,*,名詞,固有名詞,人名,名,*,*,*,ヒデト,ヒデト
秀東,*,*,*,名詞,固有名詞,人名,名,*,*,*,シュウト,シュウト
秀東,*,*,*,名詞,固有名詞,人名,名,*,*,*,スドン,スドン
広二郎,*,*,*,名詞,固有名詞,人名,名,*,*,*,コウジロウ,コウジロウ
広二郎,*,*,*,名詞,固有名詞,人名,名,*,*,*,ヒロジロウ,ヒロジロウ
泰斗,*,*,*,名詞,固有名詞,人名,名,*,*,*,タイト,タイト
泰斗,*,*,*,名詞,固有名詞,人名,名,*,*,*,ヤスト,ヤスト
泰斗,*,*,*,名詞,固有名詞,人名,名,*,*,*,ヒロト,ヒロト
周大,*,*,*,名詞,固有名詞,人名,名,*,*,*,シュウタ,シュウタ
周大,*,*,*,名詞,固有名詞,人名,名,*,*,*,シュウダイ,シュウダイ
周大,*,*,*,名詞,固有名詞,人名,名,*,*,*,ナリヒロ,ナリヒロ
周大,*,*,*,名詞,固有名詞,人名,名,*,*,*,チカヒロ,チカヒロ
信頼,*,*,*,名詞,固有名詞,人名,名,*,*,*,ノブヨリ,ノブヨリ
信頼,*,*,*,名詞,固有名詞,人名,名,*,*,*,アキヨリ,アキヨリ
啓智,*,*,*,名詞,固有名詞,人名,名,*,*,*,ケイチ,ケイチ
啓智,*,*,*,名詞,固有名詞,人名,名,*,*,*,ヒロトモ,ヒロトモ
禎典,*,*,*,名詞,固有名詞,人名,名,*,*,*,サダノリ,サダノリ
禎典,*,*,*,名詞,固有名詞,人名,名,*,*,*,ヨシノリ,ヨシノリ
聖之,*,*,*,名詞,固有名詞,人名,名,*,*,*,マサユキ,マサユキ
聖之,*,*,*,名詞,固有名詞,人名,名,*,*,*,キヨユキ,キヨユキ
聖之,*,*,*,名詞,固有名詞,人名,名,*,*,*,タカシ,タカシ
哲己,*,*,*,名詞,固有名詞,人名,名,*,*,*,テツキ,テツキ
哲己,*,*,*,名詞,固有名詞,人名,名,*,*,*,テツミ,テツミ
哲己,*,*,*,名詞,固有名詞,人名,名,*,*,*,サトキ,サトキ
哲己,*,*,*,名詞,固有名詞,人名,名,*,*,*,サトミ,サトミ
礎,*,*,*,名詞,固有名詞,人名,名,*,*,*,モトイ,モトイ
礎,*,*,*,名詞,固有名詞,人名,名,*,*,*,モト,モト
礎,*,*,*,名詞,固有名詞,人名,名,*,*,*,モト,モト
将士,*,*,*,名詞,固有名詞,人名,名,*,*,*,マサト,マサト
将士,*,*,*,名詞,固有名詞,人名,名,*,*,*,マサシ,マサシ
将士,*,*,*,名詞,固有名詞,人名,名,*,*,*,マサオ,マサオ
将士,*,*,*,名詞,固有名詞,人名,名,*,*,*,マサノリ,マサノリ
将士,*,*,*,名詞,固有名詞,人名,名,*,*,*,ショウジ,ショウジ
一爾,*,*,*,名詞,固有名詞,人名,名,*,*,*,カズジ,カズジ
一爾,*,*,*,名詞,固有名詞,人名,名,*,*,*,カズアキ,カズアキ
一爾,*,*,*,名詞,固有名詞,人名,名,*,*,*,カズチカ,カズチカ
一爾,*,*,*,名詞,固有名詞,人名,名,*,*,*,カズミ,カズミ
峰昇,*,*,*,名詞,固有名詞,人名,名,*,*,*,ミネト,ミネト
峰昇,*,*,*,名詞,固有名詞,人名,名,*,*,*,タカト,タカト
昇明,*,*,*,名詞,固有名詞,人名,名,*,*,*,ショウメイ,ショウメイ
昇明,*,*,*,名詞,固有名詞,人名,名,*,*,*,ノリアキ,ノリアキ
好義,*,*,*,名詞,固有名詞,人名,名,*,*,*,ヨシイサ,ヨシイサ
好義,*,*,*,名詞,固有名詞,人名,名,*,*,*,ヨシノリ,ヨシノリ
志通,*,*,*,名詞,固有名詞,人名,名,*,*,*,シヅ,シヅ
志通,*,*,*,名詞,固有名詞,人名,名,*,*,*,シズ,シズ
志通,*,*,*,名詞,固有名詞,人名,名,*,*,*,フミミチ,フミミチ
群昭,*,*,*,名詞,固有名詞,人名,名,*,*,*,クニアキ,クニアキ
顕貴,*,*,*,名詞,固有名詞,人名,名,*,*,*,アキタカ,アキタカ
顕貴,*,*,*,名詞,固有名詞,人名,名,*,*,*,ケンキ,ケンキ
顕貴,*,*,*,名詞,固有名詞,人名,名,*,*,*,テルキ,テルキ
顕貴,*,*,*,名詞,固有名詞,人名,名,*,*,*,テルタカ,テルタカ
衡二郎,*,*,*,名詞,固有名詞,人名,名,*,*,*,コウジロウ,コウジロウ
凌士,*,*,*,名詞,固有名詞,人名,名,*,*,*,リョウジ,リョウジ
凌士,*,*,*,名詞,固有名詞,人名,名,*,*,*,リョウト,リョウト
凌士,*,*,*,名詞,固有名詞,人名,名,*,*,*,リョウシ,リョウシ
凌士,*,*,*,名詞,固有名詞,人名,名,*,*,*,リヒト,リヒト
理意弥,*,*,*,名詞,固有名詞,人名,名,*,*,*,リイヤ,リイヤ
理意弥,*,*,*,名詞,固有名詞,人名,名,*,*,*,リイミ,リイミ
雄晴,*,*,*,名詞,固有名詞,人名,名,*,*,*,タケハル,タケハル
雄晴,*,*,*,名詞,固有名詞,人名,名,*,*,*,ユウセイ,ユウセイ
勝虎,*,*,*,名詞,固有名詞,人名,名,*,*,*,カツトラ,カツトラ
勝虎,*,*,*,名詞,固有名詞,人名,名,*,*,*,マサトラ,マサトラ
勝虎,*,*,*,名詞,固有名詞,人名,名,*,*,*,カツト,カツト
勝虎,*,*,*,名詞,固有名詞,人名,名,*,*,*,マサト,マサト
匡展,*,*,*,名詞,固有名詞,人名,名,*,*,*,タダノブ,タダノブ
匡展,*,*,*,名詞,固有名詞,人名,名,*,*,*,マサノブ,マサノブ
匡展,*,*,*,名詞,固有名詞,人名,名,*,*,*,マサヒロ,マサヒロ
匡展,*,*,*,名詞,固有名詞,人名,名,*,*,*,タダヒロ,タダヒロ
永祥,*,*,*,名詞,固有名詞,人名,名,*,*,*,ナガヨシ,ナガヨシ
永祥,*,*,*,名詞,固有名詞,人名,名,*,*,*,エイショウ,エイショウ
永祥,*,*,*,名詞,固有名詞,人名,名,*,*,*,ノブユキ,ノブユキ
永祥,*,*,*,名詞,固有名詞,人名,名,*,*,*,ナガサチ,ナガサチ
隆磨,*,*,*,名詞,固有名詞,人名,名,*,*,*,リュウマ,リュウマ
浩近,*,*,*,名詞,固有名詞,人名,名,*,*,*,ヒロチカ,ヒロチカ
信貴,*,*,*,名詞,固有名詞,人名,名,*,*,*,シキ,シキ
信貴,*,*,*,名詞,固有名詞,人名,名,*,*,*,ノブタカ,ノブタカ
信貴,*,*,*,名詞,固有名詞,人名,名,*,*,*,ノブキ,ノブキ
信貴,*,*,*,名詞,固有名詞,人名,名,*,*,*,マサタカ,マサタカ
将王,*,*,*,名詞,固有名詞,人名,名,*,*,*,ショウオウ,ショウオウ
将王,*,*,*,名詞,固有名詞,人名,名,*,*,*,マサオ,マサオ
聖太,*,*,*,名詞,固有名詞,人名,名,*,*,*,ショウタ,ショウタ
聖太,*,*,*,名詞,固有名詞,人名,名,*,*,*,セイタ,セイタ
聖太,*,*,*,名詞,固有名詞,人名,名,*,*,*,キヨタカ,キヨタカ
峰,*,*,*,名詞,固有名詞,人名,名,*,*,*,タカ,タカ
峰,*,*,*,名詞,固有名詞,人名,名,*,*,*,ミネ,ミネ
峰,*,*,*,名詞,固有名詞,人名,名,*,*,*,タカシ,タカシ
優斗,*,*,*,名詞,固有名詞,人名,名,*,*,*,ユウト,ユウト
優斗,*,*,*,名詞,固有名詞,人名,名,*,*,*,マサト,マサト
優斗,*,*,*,名詞,固有名詞,人名,名,*,*,*,ヒロト,ヒロト
礼実,*,*,*,名詞,固有名詞,人名,名,*,*,*,レイミ,レイミ
大宣,*,*,*,名詞,固有名詞,人名,名,*,*,*,ヒロノブ,ヒロノブ
大宣,*,*,*,名詞,固有名詞,人名,名,*,*,*,ダイセン,ダイセン
基進,*,*,*,名詞,固有名詞,人名,名,*,*,*,ノブキ,ノブキ
央行,*,*,*,名詞,固有名詞,人名,名,*,*,*,テルユキ,テルユキ
央行,*,*,*,名詞,固有名詞,人名,名,*,*,*,ヒサユキ,ヒサユキ
央行,*,*,*,名詞,固有名詞,人名,名,*,*,*,ヒロユキ,ヒロユキ
清竹,*,*,*,名詞,固有名詞,人名,名,*,*,*,キヨタケ,キヨタケ