姓, 栄籐, エトウ, エイトウ
姓, 瀬工,セコウ
姓,本𫞎,モトハシ
名, 挙彦, アゲヒコ
名,士淳, シジュン
名,車行, シャコウ
名,侑摩, ユウマ
名,丞一郎, ジョウイチロウ
名,隼希, トシキ, ハヤキ, シュンキ, ジュンキ
名,鳳洙,ボンス
名,寿始,ヒサシ,ジュシ
名,壱静,イッセイ
名,譲士,ジョウジ
名,純紀,ジュンキ
名,歳丈,トシタケ
名,健之郎,ケンシロウ
名,務晃,ミチアキ,カネアキ
名,充身,ミツミ
名,令弥,レイヤ
名,淳稀,ジュンキ
名,小賓,ショウヒン
名,雨青,ウセイ
名,雄皃,ユウト,ユウジ
名,潤信,ジュンシン,ヒロノブ,ミツノブ
名,寞,バク
名,望伸,モチノブ
名,翔暉,ショウキ
名,華龍,カリュウ
名,壮達,ソウタツ
名,貞甚,サダヤス,サダシゲ
名,氶之助,ジョウノスケ
名,磨史宇,マシュウ
名,黒,クロ
名, 明拓,アキヒロ
名, 翔評,ショウヘイ
名, 研童,ケンドウ
名, 琢太郎,タクタロウ
名,弦己,ゲンキ
名,滋太,シゲタ
名,堅士郎,ケンシロウ
名,滉虹,コウジ
名,祥耶,サチヤ,ショウヤ,ヨシヤ,ヒロヤ
名,伯晃,タカアキ,トモアキ,ヒロアキ,ノリアキ
名,正土,マサト
名,雪助,ユキスケ
名,桜より,サヨリ
名,香尚子,カナコ
名,八千鼓,ヤチコ
名,壮功,アキナリ,アキヨシ,マサナリ,マサヨシ
名,比呂泰,ヒロヤス
名,伊緒三,イオミツ
名,徹唯,トウイ
名,魁晟,カイセイ
名,了摩,リョウマ
名,慶賢,ヨシタカ
名,祐史朗,ユウシロウ
名,政舟,セイシュウ,マサフネ
名,耕野,コウヤ
名,珉泰,タミヤス
名,出憲,イデノリ
名,和苟,ワコウ、カズマ
名,方俊,マサトシ
名,長征,チョウセイ,ナガユキ
名,佳萱,カセン
姓,福夲,フクモト
名,峻児,シュンジ
名,一無,イツム,イチム,カズム,カズナ
名,法良,ノリヨシ
名,降仙,コウセン,カンソン
名,肇広,トシヒロ
名,繫成,シゲナリ,ハンナ
名,丈朋,タケトモ
姓,金助田,カナスケダ,カネスケダ,カナスケタ,カネスケタ
名,悟哲,コウテツ
名,直来,ナオキ
名,聡守,アキモリ
名,勝丈,カツヒロ
名,喜尋,キヒロ,ヨシヒロ
名,裕考,ユウコウ,ヒロタカ
名,太啓,タヒロ,タイスケ,タスケ
名,友希紘,ユキヒロ
名,由通,ヨシミチ,ユズ
名,挙徳,ケントク,シゲノリ,タカノリ,タツノリ,トモノリ,ミナノリ
姓,平磁,ヒラシゲ
姓,鯨成,イサナ
名,求行,ヒデユキ,マサユキ
名,有冶,ユウジ
名,孝史朗,コウシロウ
名,敦識,アツノリ,アツシ
名,凱凱,ガイガイ
名,式博,ノリヒロ
名,登茂也,トモヤ
名,繫男,シゲオ
名,悦敏,ヨシトシ
名,挙大,タカヒロ,キョウタ
名,伸治朗,シンジロウ
名,艶崇,エンシュウ
名,育修,イクノブ
名,託夢,タクム
名,挙也,タカヤ
名,広優,ヒロマ,ヒロマサ
名,網樹,アミキ,モウキ
名,宗須慶,ソウスケ
名,平晋,ヘイシン
名,侑兵,ユウヘイ
名,紀子雄,キシオ,トシオ
名,巨栄,キョエイ
名,紘寛,ヒロトモ
名,繫光,シゲミツ
名,登志春,トシハル
名,励倫,レイリン
名,蔵延,クラノブ,ゾウエン,ゾウスケ
名,繫登志,シゲトシ
名,圭伴,ケイスケ
名,安考,ヤスタカ